Time,Rear Speed
25462,-36.73
25472,-36.73
25482,-41.32
25492,-41.32
25502,-45.91
25512,-45.91
25522,-45.91
25532,-50.50
25542,-50.50
25552,-50.50
25562,-50.50
25572,-50.50
25582,-55.09
25592,-55.09
25602,-59.68
25612,-55.09
25622,-59.68
25632,-59.68
25642,-59.68
25652,-64.27
25662,-64.27
25672,-68.86
25682,-68.86
25693,-68.86
25703,-73.45
25713,-68.86
25723,-73.45
25733,-78.05
25743,-78.05
25753,-78.05
25763,-78.05
25773,-73.45
25783,-78.05
25793,-82.64
25803,-78.05
25813,-82.64
25823,-87.23
25833,-82.64
25843,-87.23
25853,-87.23
25863,-91.82
25873,-91.82
25883,-91.82
25893,-91.82
25903,-96.41
25913,-96.41
25923,-96.41
25933,-96.41
25944,-96.41
25954,-101.00
25964,-101.00
25974,-105.59
25984,-101.00
25994,-101.00
26004,-101.00
26014,-105.59
26024,-110.18
26034,-110.18
26044,-110.18
26054,-110.18
26064,-114.77
26074,-110.18
26084,-110.18
26094,-110.18
26104,-110.18
26114,-110.18
26124,-114.77
26134,-114.77
26144,-119.36
26154,-119.36
26164,-119.36
26174,-119.36
26184,-123.95
26194,-119.36
26204,-123.95
26214,-119.36
26224,-123.95
26234,-128.55
26245,-123.95
26255,-128.55
26265,-128.55
26275,-128.55
26285,-128.55
26295,-128.55
26305,-133.14
26315,-128.55
26325,-128.55
26335,-133.14
26345,-133.14
26355,-128.55
26365,-133.14
26375,-137.73
26385,-137.73
26395,-142.32
26405,-137.73
26415,-133.14
26425,-137.73
26435,-133.14
26445,-137.73
26455,-142.32
26465,-137.73
26475,-142.32
26485,-137.73
26495,-137.73
26506,-142.32
26516,-142.32
26526,-142.32
26536,-137.73
26546,-142.32
26556,-142.32
26566,-142.32
26576,-142.32
26586,-142.32
26596,-142.32
26606,-146.91
26616,-146.91
26626,-146.91
26636,-142.32
26646,-142.32
26656,-146.91
26666,-146.91
26676,-142.32
26687,-142.32
26696,-142.32
26707,-142.32
26717,-146.91
26726,-146.91
26737,-142.32
26747,-142.32
26757,-142.32
26767,-142.32
26777,-146.91
26788,-142.32
26798,-146.91
26808,-146.91
26818,-146.91
26827,-146.91
26838,-146.91
26848,-142.32
26858,-146.91
26868,-146.91
26877,-142.32
26889,-142.32
26898,-142.32
26909,-142.32
26919,-146.91
26928,-142.32
26939,-142.32
26949,-137.73
26959,-142.32
26969,-146.91
26978,-137.73
26989,-137.73
26999,-137.73
27009,-142.32
27019,-137.73
27028,-137.73
27040,-137.73
27050,-133.14
27060,-137.73
27069,-133.14
27078,-133.14
27090,-137.73
27100,-137.73
27110,-133.14
27120,-133.14
27128,-133.14
27140,-133.14
27150,-123.95
27160,-128.55
27170,-128.55
27178,-128.55
27190,-128.55
27200,-133.14
27210,-128.55
27220,-123.95
27228,-123.95
27241,-128.55
27250,-123.95
27261,-123.95
27270,-123.95
27279,-119.36
27291,-119.36
27301,-119.36
27311,-119.36
27321,-114.77
27329,-119.36
27341,-119.36
27351,-114.77
27361,-114.77
27371,-114.77
27379,-110.18
27391,-114.77
27401,-110.18
27411,-114.77
27421,-110.18
27429,-110.18
27442,-110.18
27452,-105.59
27462,-101.00
27472,-105.59
27480,-105.59
27492,-101.00
27502,-101.00
27512,-96.41
27522,-101.00
27530,-96.41
27542,-96.41
27552,-96.41
27562,-96.41
27572,-91.82
27580,-91.82
27592,-91.82
27602,-87.23
27613,-91.82
27623,-82.64
27630,-82.64
27643,-82.64
27653,-82.64
27663,-82.64
27673,-78.05
27681,-78.05
27693,-73.45
27703,-78.05
27713,-73.45
27723,-78.05
27731,-68.86
27743,-68.86
27753,-68.86
27763,-64.27
27773,-68.86
27781,-64.27
27793,-64.27
27803,-64.27
27813,-59.68
27823,-59.68
27831,-59.68
27843,-59.68
27853,-59.68
27863,-55.09
27874,-55.09
27881,-55.09
27894,-55.09
27904,-50.50
27914,-50.50
27924,-45.91
27932,-50.50
27944,-45.91
27954,-45.91
27964,-41.32
27974,-41.32
27982,-41.32
27994,-36.73
28004,-36.73
28014,-36.73
28024,-32.14
28032,-32.14
28044,-27.55
28054,-27.55
28064,-27.55
28074,-27.55
28082,-22.95
28094,-18.36
28104,-22.95
28114,-18.36
28124,-18.36
28133,-18.36
28145,-13.77
28155,-13.77
28165,-9.18
28175,-9.18
28183,-13.77
28195,-9.18
28205,-4.59
28215,-4.59
28225,0.00
28234,0.00
28245,0.00
28255,0.00
28265,0.00
28275,0.00
28283,0.00
28295,4.59
28305,0.00
28315,4.59
28326,0.00
28334,0.00
28345,0.00
28355,0.00
28365,0.00
28376,4.59
28384,9.18
28395,9.18
28406,9.18
28416,4.59
28426,9.18
28435,9.18
28446,13.77
28456,13.77
28466,13.77
28476,18.36
28485,18.36
28496,22.95
28506,22.95
28516,22.95
28526,27.55
28536,27.55
28546,27.55
28556,27.55
28566,32.14
28576,27.55
28585,32.14
28596,36.73
28606,36.73
28616,36.73
28626,41.32
28636,41.32
28646,36.73
28656,41.32
28666,41.32
28676,41.32
28686,50.50
28696,50.50
28706,45.91
28716,50.50
28727,50.50
28736,59.68
28746,55.09
28756,55.09
28766,59.68
28777,59.68
28786,59.68
28797,68.86
28807,64.27
28817,68.86
28827,64.27
28837,68.86
28847,68.86
28857,73.45
28867,73.45
28877,73.45
28887,73.45
28897,78.05
28907,73.45
28917,78.05
28927,82.64
28937,82.64
28947,78.05
28957,82.64
28967,82.64
28977,87.23
28987,91.82
28997,87.23
29007,87.23
29017,91.82
29027,91.82
29037,91.82
29047,96.41
29057,96.41
29067,101.00
29078,101.00
29087,101.00
29097,101.00
29107,101.00
29117,101.00
29128,105.59
29137,105.59
29147,110.18
29157,105.59
29168,110.18
29178,105.59
29188,110.18
29198,110.18
29208,110.18
29218,114.77
29228,114.77
29238,110.18
29248,119.36
29258,114.77
29268,119.36
29278,119.36
29288,119.36
29298,119.36
29308,119.36
29318,119.36
29328,119.36
29338,123.95
29348,123.95
29358,123.95
29368,123.95
29378,123.95
29388,123.95
29398,128.55
29408,128.55
29418,128.55
29429,128.55
29438,133.14
29448,133.14
29458,133.14
29469,133.14
29479,133.14
29489,133.14
29499,137.73
29509,133.14
29519,137.73
29529,137.73
29539,137.73
29549,137.73
29559,137.73
29569,137.73
29579,137.73
29589,142.32
29599,137.73
29609,137.73
29619,142.32
29629,142.32
29639,142.32
29649,142.32
29659,142.32
29669,142.32
29679,142.32
29689,142.32
29699,142.32
29709,142.32
29719,142.32
29730,142.32
29739,142.32
29749,146.91
29759,146.91
29770,146.91
29780,142.32
29789,142.32
29800,146.91
29810,146.91
29820,142.32
29830,142.32
29840,146.91
29850,146.91
29860,146.91
29870,142.32
29880,142.32
29890,146.91
29900,146.91
29910,142.32
29920,146.91
29930,146.91
29940,146.91
29950,146.91
29960,142.32
29970,142.32
29980,146.91
29990,146.91
30000,142.32
30010,142.32
30020,142.32
30030,146.91
30040,142.32
30050,142.32
30060,142.32
30070,142.32
30080,142.32
30090,142.32
30100,146.91
30111,142.32
30121,137.73
30131,142.32
30141,142.32
30151,142.32
30161,137.73
30171,137.73
30181,137.73
30191,137.73
30201,137.73
30211,142.32
30221,137.73
30231,137.73
30241,137.73
30251,133.14
30261,133.14
30271,133.14
30281,137.73
30291,133.14
30301,133.14
30311,133.14
30321,128.55
30331,123.95
30341,123.95
30351,123.95
30361,128.55
30371,123.95
30381,123.95
30391,123.95
30402,123.95
30412,123.95
30422,123.95
30432,119.36
30442,123.95
30452,123.95
30462,123.95
30472,119.36
30482,119.36
30492,114.77
30502,119.36
30512,119.36
30522,119.36
30532,114.77
30542,110.18
30552,110.18
30562,110.18
30572,105.59
30582,105.59
30592,105.59
30602,105.59
30612,105.59
30622,105.59
30632,101.00
30643,101.00
30653,101.00
30663,96.41
30673,101.00
30683,96.41
30693,96.41
30703,91.82
30713,91.82
30723,96.41
30733,91.82
30743,87.23
30753,87.23
30763,87.23
30773,87.23
30783,82.64
30793,82.64
30803,82.64
30813,82.64
30823,82.64
30833,82.64
30843,78.05
30853,73.45
30863,78.05
30873,73.45
30883,73.45
30893,68.86
30903,68.86
30913,68.86
30924,68.86
30934,68.86
30944,64.27
30954,64.27
30964,59.68
30974,59.68
30984,59.68
30994,59.68
31004,55.09
31014,55.09
31024,50.50
31034,55.09
31044,50.50
31054,50.50
31064,45.91
31074,41.32
31084,45.91
31094,41.32
31104,41.32
31114,41.32
31124,41.32
31134,36.73
31144,36.73
31154,32.14
31164,32.14
31174,32.14
31184,27.55
31194,27.55
31204,27.55
31215,22.95
31225,22.95
31235,22.95
31245,18.36
31255,22.95
31265,18.36
31275,18.36
31285,18.36
31295,13.77
31305,13.77
31315,13.77
31325,9.18
31335,4.59
31345,9.18
31355,4.59
31365,4.59
31375,4.59
31385,4.59
31395,0.00
31405,0.00
31415,0.00
31425,0.00
31435,0.00
31445,0.00
31455,0.00
31465,0.00
31476,0.00
31485,0.00
31496,0.00
31506,-4.59
31516,0.00
31526,0.00
31536,0.00
31546,-4.59
31556,-4.59
31566,-4.59
31577,-9.18
31586,-13.77
31597,-13.77
31607,-13.77
31617,-13.77
31627,-18.36
31636,-22.95
31647,-22.95
31657,-18.36
31667,-27.55
31677,-27.55
31686,-27.55
31697,-27.55
31707,-32.14
31718,-32.14
31727,-32.14
31737,-32.14
31748,-36.73
31758,-36.73
31768,-41.32
31778,-41.32
31787,-45.91
31798,-41.32
31808,-45.91
31818,-50.50
31828,-45.91
31837,-50.50
31848,-50.50
31858,-50.50
31869,-55.09
31879,-59.68
31887,-59.68
31899,-59.68
31909,-59.68
31919,-59.68
31929,-59.68
31937,-64.27
31949,-64.27
31959,-68.86
31970,-64.27
31980,-68.86
31988,-64.27
32000,-73.45
32010,-73.45
32020,-73.45
32030,-78.05
32038,-73.45
32050,-78.05
32060,-78.05
32070,-78.05
32080,-78.05
32088,-82.64
32100,-87.23
32110,-82.64
32120,-87.23
32130,-87.23
32138,-87.23
32150,-91.82
32161,-91.82
32171,-91.82
32181,-91.82
32188,-96.41
32201,-96.41
32211,-101.00
32221,-96.41
32231,-101.00
32239,-96.41
32251,-101.00
32261,-101.00
32271,-105.59
32281,-105.59
32289,-105.59
32301,-105.59
32311,-105.59
32321,-105.59
32331,-105.59
32339,-110.18
32351,-110.18
32361,-110.18
32371,-114.77
32381,-114.77
32389,-114.77
32401,-119.36
32411,-114.77
32422,-119.36
32432,-119.36
32440,-123.95
32452,-119.36
32462,-123.95
32472,-123.95
32482,-123.95
32490,-123.95
32502,-128.55
32512,-123.95
32522,-123.95
32532,-123.95
32540,-128.55
32552,-123.95
32562,-128.55
32572,-123.95
32582,-128.55
32590,-128.55
32602,-128.55
32612,-128.55
32622,-133.14
32633,-137.73
32640,-133.14
32653,-137.73
32663,-133.14
32673,-133.14
32683,-137.73
32691,-137.73
32703,-137.73
32713,-137.73
32723,-137.73
32733,-137.73
32741,-137.73
32753,-137.73
32763,-142.32
32773,-142.32
32783,-142.32
32791,-137.73
32803,-142.32
32813,-142.32
32823,-142.32
32833,-142.32
32842,-142.32
32853,-137.73
32863,-142.32
32873,-142.32
32883,-142.32
32891,-137.73
32903,-142.32
32913,-146.91
32924,-142.32
32934,-146.91
32942,-142.32
32954,-142.32
32964,-142.32
32974,-142.32
32984,-137.73
32992,-142.32
33004,-142.32
33014,-146.91
33024,-142.32
33034,-142.32
33043,-137.73
33054,-142.32
33064,-142.32
33074,-142.32
33084,-146.91
33092,-142.32
33104,-142.32
33114,-142.32
33124,-146.91
33135,-146.91
33144,-142.32
33154,-142.32
33164,-142.32
33174,-142.32
33185,-142.32
33193,-142.32
33204,-137.73
33215,-142.32
33225,-142.32
33235,-137.73
33244,-142.32
33255,-137.73
33265,-142.32
33275,-142.32
33285,-142.32
33294,-137.73
33305,-137.73
33315,-133.14
33325,-137.73
33335,-137.73
33345,-133.14
33355,-137.73
33365,-133.14
33375,-133.14
33385,-133.14
33394,-133.14
33405,-133.14
33415,-133.14
33425,-133.14
33435,-133.14
33445,-128.55
33455,-128.55
33465,-128.55
33475,-128.55
33485,-128.55
33494,-123.95
33505,-123.95
33515,-123.95
33525,-123.95
33536,-123.95
33545,-123.95
33555,-119.36
33566,-123.95
33576,-123.95
33586,-123.95
33595,-119.36
33606,-119.36
33616,-114.77
33626,-114.77
33636,-119.36
33646,-114.77
33656,-114.77
33666,-114.77
33676,-110.18
33686,-110.18
33696,-105.59
33706,-110.18
33716,-105.59
33726,-105.59
33736,-105.59
33746,-105.59
33756,-101.00
33766,-105.59
33776,-101.00
33786,-96.41
33796,-101.00
33806,-101.00
33816,-101.00
33826,-96.41
33837,-91.82
33846,-96.41
33856,-96.41
33866,-91.82
33876,-91.82
33887,-87.23
33896,-87.23
33907,-87.23
33917,-87.23
33927,-82.64
33937,-87.23
33947,-82.64
33957,-78.05
33967,-78.05
33977,-78.05
33987,-73.45
33997,-73.45
34007,-73.45
34017,-73.45
34027,-73.45
34037,-68.86
34047,-73.45
34057,-68.86
34067,-68.86
34077,-64.27
34087,-64.27
34097,-64.27
34107,-59.68
34117,-64.27
34127,-55.09
34137,-59.68
34147,-55.09
34157,-55.09
34167,-55.09
34177,-50.50
34188,-50.50
34197,-45.91
34207,-45.91
34217,-45.91
34228,-45.91
34238,-45.91
34248,-41.32
34258,-36.73
34268,-41.32
34278,-36.73
34288,-32.14
34298,-36.73
34308,-32.14
34318,-32.14
34328,-27.55
34338,-32.14
34348,-22.95
34358,-22.95
34368,-22.95
34378,-22.95
34388,-22.95
34398,-18.36
34408,-18.36
34418,-18.36
34428,-13.77
34438,-9.18
34448,-13.77
34458,-13.77
34468,-9.18
34478,-9.18
34488,-9.18
34498,0.00
34508,0.00
34518,0.00
34528,0.00
34539,0.00
34549,0.00
34559,0.00
34569,0.00
34579,0.00
34589,0.00
34599,4.59
34609,4.59
34619,4.59
34629,0.00
34639,0.00
34649,0.00
34659,0.00
34669,4.59
34679,4.59
34689,9.18
34699,9.18
34709,13.77
34719,13.77
34729,9.18
34739,13.77
34749,13.77
34759,13.77
34769,22.95
34779,22.95
34789,22.95
34799,22.95
34809,27.55
34819,27.55
34829,27.55
34840,27.55
34849,32.14
34859,32.14
34869,32.14
34880,36.73
34890,36.73
34900,41.32
34910,41.32
34920,41.32
34930,45.91
34940,45.91
34950,45.91
34960,50.50
34970,45.91
34980,50.50
34990,50.50
35000,50.50
35010,55.09
35020,50.50
35030,59.68
35040,55.09
35050,64.27
35060,59.68
35070,64.27
35080,64.27
35090,68.86
35100,64.27
35110,64.27
35120,68.86
35130,64.27
35140,68.86
35150,68.86
35160,73.45
35170,73.45
35181,73.45
35191,82.64
35201,78.05
35211,78.05
35221,82.64
35231,87.23
35241,82.64
35251,82.64
35261,87.23
35271,87.23
35281,87.23
35291,91.82
35301,91.82
35311,91.82
35321,91.82
35331,96.41
35341,96.41
35351,96.41
35361,96.41
35371,101.00
35381,101.00
35391,105.59
35401,101.00
35411,105.59
35421,105.59
35431,105.59
35441,105.59
35451,105.59
35461,110.18
35472,105.59
35482,114.77
35492,110.18
35502,114.77
35512,114.77
35522,114.77
35532,119.36
35542,119.36
35552,119.36
35562,123.95
35572,119.36
35582,123.95
35592,123.95
35602,123.95
35612,123.95
35622,128.55
35632,123.95
35642,123.95
35652,128.55
35662,128.55
35672,128.55
35682,123.95
35692,128.55
35702,128.55
35712,123.95
35722,128.55
35732,133.14
35742,137.73
35753,133.14
35763,137.73
35773,137.73
35783,133.14
35793,137.73
35803,133.14
35813,133.14
35823,137.73
35833,142.32
35843,137.73
35853,137.73
35863,137.73
35873,137.73
35883,137.73
35893,142.32
35903,142.32
35913,142.32
35923,137.73
35933,142.32
35943,146.91
35953,146.91
35963,142.32
35973,142.32
35983,142.32
35993,142.32
36003,146.91
36013,146.91
36023,142.32
36034,142.32
36044,142.32
36054,146.91
36064,142.32
36074,146.91
36084,142.32
36094,146.91
36104,146.91
36114,146.91
36124,146.91
36134,146.91
36144,146.91
36154,146.91
36164,146.91
36174,142.32
36184,142.32
36194,146.91
36204,146.91
36214,146.91
36224,142.32
36234,146.91
36244,146.91
36254,142.32
36265,142.32
36275,142.32
36285,146.91
36294,142.32
36305,146.91
36315,142.32
36325,146.91
36335,142.32
36345,142.32
36355,142.32
36365,137.73
36375,137.73
36385,142.32
36395,142.32
36405,142.32
36416,142.32
36426,137.73
36436,137.73
36445,142.32
36456,137.73
36466,137.73
36476,137.73
36486,137.73
36495,137.73
36506,137.73
36516,137.73
36527,137.73
36537,133.14
36546,137.73
36557,128.55
36567,133.14
36577,133.14
36587,133.14
36596,128.55
36607,133.14
36617,128.55
36627,128.55
36637,123.95
36646,128.55
36658,128.55
36668,123.95
36678,128.55
36688,123.95
36696,119.36
36708,119.36
36718,123.95
36728,119.36
36738,119.36
36746,114.77
36758,119.36
36768,114.77
36778,114.77
36788,114.77
36797,114.77
36809,114.77
36819,110.18
36829,114.77
36839,110.18
36847,110.18
36859,110.18
36869,110.18
36879,110.18
36889,105.59
36897,105.59
36909,101.00
36919,101.00
36929,101.00
36940,101.00
36947,101.00
36960,96.41
36970,91.82
36980,96.41
36990,96.41
36998,91.82
37010,91.82
37020,91.82
37030,87.23
37040,91.82
37048,87.23
37060,82.64
37070,87.23
37080,87.23
37090,82.64
37098,82.64
37110,82.64
37120,78.05
37130,73.45
37141,78.05
37148,73.45
37161,78.05
37171,73.45
37181,68.86
37191,73.45
37199,64.27
37211,68.86
37221,64.27
37231,68.86
37241,64.27
37249,59.68
37261,59.68
37271,55.09
37281,55.09
37291,59.68
37299,55.09
37311,55.09
37321,50.50
37331,50.50
37341,50.50
37349,45.91
37361,50.50
37371,45.91
37381,41.32
37391,41.32
37399,36.73
37412,41.32
37422,36.73
37432,36.73
37442,36.73
37450,36.73
37462,32.14
37472,32.14
37482,27.55
37492,27.55
37500,27.55
37512,22.95
37522,22.95
37532,22.95
37542,22.95
37550,18.36
37562,13.77
37572,13.77
37582,13.77
37592,13.77
37600,9.18
37612,9.18
37622,4.59
37632,4.59
37642,4.59
37651,4.59
37662,0.00
37672,0.00
37683,0.00
37693,0.00
37701,0.00
37713,0.00
37723,0.00
37733,0.00
37743,0.00
37752,0.00
37763,0.00
37773,-4.59
37783,0.00
37793,0.00
37801,0.00
37813,0.00
37823,0.00
37833,-4.59
37843,-9.18
37852,-9.18
37863,-13.77
37873,-13.77
37883,-13.77
37894,-13.77
37902,-18.36
37913,-18.36
37923,-22.95
37933,-18.36
37944,-27.55
37953,-22.95
37964,-27.55
37974,-27.55
37984,-32.14
37994,-27.55
38001,-32.14
38014,-32.14
38024,-36.73
38034,-36.73
38044,-36.73
38053,-41.32
38064,-41.32
38074,-41.32
38084,-45.91
38094,-45.91
38103,-45.91
38114,-50.50
38124,-50.50
38134,-55.09
38144,-55.09
38154,-55.09
38164,-55.09
38174,-59.68
38184,-55.09
38194,-59.68
38203,-59.68
38214,-64.27
38224,-64.27
38234,-68.86
38244,-64.27
38254,-68.86
38264,-68.86
38274,-68.86
38284,-73.45
38295,-68.86
38304,-73.45
38314,-73.45
38324,-73.45
38334,-78.05
38345,-78.05
38354,-78.05
38364,-82.64
38375,-87.23
38385,-82.64
38395,-82.64
38404,-87.23
38415,-87.23
38425,-87.23
38435,-91.82
38445,-87.23
38455,-91.82
38465,-91.82
38475,-91.82
38485,-96.41
38495,-101.00
38504,-101.00
38515,-96.41
38525,-101.00
38535,-105.59
38545,-105.59
38555,-101.00
38565,-105.59
38575,-105.59
38585,-105.59
38595,-105.59
38605,-110.18
38615,-110.18
38625,-114.77
38635,-110.18
38646,-110.18
38655,-114.77
38665,-114.77
38675,-114.77
38685,-119.36
38696,-119.36
38706,-119.36
38716,-119.36
38726,-119.36
38736,-119.36
38746,-123.95
38756,-123.95
38766,-123.95
38776,-128.55
38786,-128.55
38796,-123.95
38806,-128.55
38816,-128.55
38826,-128.55
38836,-123.95
38846,-128.55
38856,-128.55
38866,-128.55
38876,-128.55
38886,-128.55
38896,-133.14
38906,-133.14
38916,-133.14
38926,-133.14
38936,-133.14
38946,-133.14
38956,-137.73
38966,-133.14
38976,-137.73
38986,-137.73
38997,-137.73
39006,-133.14
39016,-137.73
39027,-137.73
39037,-137.73
39047,-142.32
39056,-142.32
39067,-137.73
39077,-142.32
39087,-137.73
39097,-142.32
39107,-146.91
39117,-142.32
39127,-142.32
39137,-142.32
39147,-142.32
39157,-146.91
39167,-142.32
39177,-142.32
39187,-146.91
39197,-142.32
39207,-146.91
39217,-146.91
39227,-142.32
39237,-142.32
39247,-142.32
39257,-142.32
39267,-146.91
39277,-146.91
39287,-146.91
39297,-146.91
39307,-146.91
39317,-146.91
39327,-142.32
39337,-142.32
39348,-146.91
39357,-146.91
39368,-142.32
39378,-142.32
39388,-146.91
39398,-146.91
39408,-142.32
39418,-142.32
39428,-142.32
39438,-142.32
39448,-146.91
39458,-142.32
39468,-142.32
39478,-142.32
39488,-142.32
39498,-142.32
39508,-142.32
39518,-137.73
39528,-142.32
39538,-137.73
39548,-137.73
39558,-137.73
39568,-142.32
39578,-142.32
39588,-137.73
39598,-133.14
39608,-137.73
39618,-142.32
39628,-137.73
39638,-137.73
39648,-133.14
39658,-128.55
39669,-133.14
39679,-133.14
39689,-133.14
39699,-133.14
39709,-133.14
39719,-133.14
39729,-128.55
39739,-128.55
39749,-128.55
39759,-128.55
39769,-123.95
39779,-123.95
39789,-123.95
39799,-128.55
39809,-128.55
39819,-123.95
39829,-123.95
39839,-123.95
39849,-119.36
39859,-123.95
39869,-119.36
39879,-119.36
39889,-119.36
39899,-114.77
39909,-114.77
39919,-119.36
39929,-114.77
39939,-119.36
39949,-114.77
39960,-110.18
39970,-110.18
39980,-110.18
39990,-110.18
40000,-105.59
40010,-105.59
40020,-105.59
40030,-105.59
40040,-105.59
40050,-105.59
40060,-105.59
40070,-101.00
40080,-101.00
40090,-101.00
40100,-101.00
40110,-96.41
40120,-96.41
40130,-96.41
40140,-96.41
40150,-91.82
40160,-91.82
40170,-87.23
40180,-87.23
40190,-91.82
40200,-87.23
40210,-87.23
40221,-82.64
40231,-78.05
40241,-82.64
40251,-78.05
40261,-78.05
40271,-73.45
40281,-73.45
40291,-73.45
40301,-73.45
40311,-73.45
40321,-68.86
40331,-68.86
40341,-68.86
40351,-64.27
40361,-68.86
40371,-64.27
40381,-64.27
40391,-59.68
40401,-59.68
40411,-55.09
40421,-59.68
40431,-55.09
40441,-55.09
40451,-50.50
40461,-50.50
40471,-50.50
40481,-45.91
40491,-50.50
40501,-45.91
40512,-45.91
40522,-41.32
40532,-41.32
40542,-41.32
40552,-36.73
40562,-36.73
40572,-32.14
40582,-36.73
40592,-32.14
40602,-27.55
40612,-27.55
40622,-27.55
40632,-22.95
40642,-22.95
40652,-27.55
40662,-18.36
40672,-18.36
40682,-18.36
40692,-13.77
40702,-18.36
40712,-18.36
40722,-9.18
40732,-9.18
40742,-9.18
40752,-13.77
40762,-9.18
40773,-9.18
40783,-4.59
40793,0.00
40803,0.00
40813,0.00
40823,0.00
40833,0.00
40843,0.00
40853,0.00
40864,0.00
40873,0.00
40884,0.00
40894,0.00
40903,0.00
40914,0.00
40924,4.59
40934,0.00
40944,0.00
40953,0.00
40964,9.18
40974,9.18
40985,9.18
40995,4.59
41004,9.18
41015,13.77
41025,18.36
41035,13.77
41045,18.36
41054,18.36
41065,18.36
41076,22.95
41086,22.95
41096,22.95
41104,27.55
41116,27.55
41126,27.55
41136,32.14
41146,36.73
41154,36.73
41166,32.14
41176,36.73
41186,41.32
41196,36.73
41205,41.32
41217,45.91
41227,41.32
41237,45.91
41247,50.50
41255,45.91
41267,50.50
41277,50.50
41287,50.50
41297,55.09
41305,55.09
41317,55.09
41327,55.09
41337,64.27
41348,64.27
41355,59.68
41368,64.27
41378,68.86
41388,64.27
41398,68.86
41406,68.86
41418,68.86
41428,68.86
41438,73.45
41448,73.45
41456,82.64
41468,73.45
41478,78.05
41488,78.05
41498,82.64
41506,82.64
41518,82.64
41528,87.23
41538,82.64
41548,87.23
41556,87.23
41568,87.23
41578,91.82
41589,91.82
41599,96.41
41606,91.82
41619,91.82
41629,96.41
41639,96.41
41649,101.00
41657,105.59
41669,101.00
41679,101.00
41689,105.59
41699,101.00
41707,105.59
41719,105.59
41729,105.59
41739,105.59
41749,110.18
41757,110.18
41769,105.59
41779,114.77
41789,114.77
41799,114.77
41807,114.77
41820,114.77
41830,119.36
41840,119.36
41850,119.36
41858,119.36
41870,123.95
41880,119.36
41890,123.95
41900,119.36
41908,119.36
41920,123.95
41930,119.36
41940,123.95
41950,123.95
41958,123.95
41970,128.55
41980,133.14
41990,128.55
42000,133.14
42008,133.14
42020,128.55
42030,133.14
42040,133.14
42050,133.14
42059,133.14
42070,133.14
42081,137.73
42091,137.73
42101,137.73
42109,137.73
42121,137.73
42131,137.73
42141,142.32
42151,137.73
42160,142.32
42171,137.73
42181,142.32
42191,137.73
42201,142.32
42209,142.32
42221,142.32
42231,142.32
42241,142.32
42251,142.32
42260,146.91
42271,142.32
42281,142.32
42291,142.32
42301,142.32
42310,146.91
42321,146.91
42331,142.32
42341,142.32
42352,146.91
42361,146.91
42371,146.91
42381,142.32
42392,146.91
42402,146.91
42410,146.91
42422,146.91
42432,146.91
42442,142.32
42452,146.91
42461,142.32
42472,146.91
42482,142.32
42492,146.91
42502,146.91
42511,142.32
42522,142.32
42532,142.32
42542,146.91
42552,142.32
42562,142.32
42572,142.32
42582,146.91
42592,146.91
42602,146.91
42611,142.32
42622,142.32
42632,142.32
42642,146.91
42652,142.32
42662,142.32
42672,137.73
42682,142.32
42692,142.32
42702,142.32
42712,137.73
42722,137.73
42732,133.14
42742,137.73
42753,137.73
42762,137.73
42772,137.73
42783,137.73
42793,133.14
42803,133.14
42812,137.73
42823,137.73
42833,133.14
42843,133.14
42853,133.14
42863,128.55
42873,128.55
42883,128.55
42893,128.55
42903,128.55
42913,128.55
42923,133.14
42933,128.55
42943,128.55
42953,123.95
42963,128.55
42973,123.95
42983,123.95
42993,119.36
43003,123.95
43013,119.36
43023,119.36
43033,119.36
43043,119.36
43053,119.36
43063,114.77
43073,114.77
43083,114.77
43093,114.77
43103,114.77
43113,114.77
43123,110.18
43133,110.18
43143,110.18
43154,110.18
43164,105.59
43173,105.59
43184,101.00
43194,105.59
43204,101.00
43214,101.00
43224,96.41
43234,96.41
43244,96.41
43254,96.41
43264,96.41
43274,96.41
43284,91.82
43294,87.23
43304,91.82
43314,91.82
43324,87.23
43334,87.23
43344,87.23
43354,87.23
43364,82.64
43374,78.05
43384,82.64
43394,82.64
43404,78.05
43414,78.05
43424,73.45
43434,73.45
43444,73.45
43455,73.45
43464,73.45
43474,68.86
43484,68.86
43494,64.27
43505,64.27
43515,64.27
43525,59.68
43535,59.68
43545,59.68
43555,59.68
43565,55.09
43575,55.09
43585,55.09
43595,55.09
43605,50.50
43615,50.50
43625,50.50
43635,45.91
43645,50.50
43655,50.50
43665,41.32
43675,41.32
43685,41.32
43695,36.73
43705,36.73
43715,36.73
43725,32.14
43735,32.14
43745,36.73
43755,27.55
43765,27.55
43775,27.55
43785,22.95
43795,27.55
43806,18.36
43816,18.36
43825,18.36
43835,18.36
43846,18.36
43856,18.36
43866,9.18
43876,9.18
43886,9.18
43896,9.18
43906,9.18
43916,4.59
43926,4.59
43936,0.00
43946,0.00
43956,0.00
43966,0.00
43976,0.00
43986,-4.59
43996,0.00
44006,0.00
44016,0.00
44026,0.00
44036,0.00
44046,0.00
44056,-4.59
44066,0.00
44076,0.00
44086,-4.59
44096,0.00
44106,-4.59
44116,-4.59
44126,-4.59
44136,-9.18
44147,-9.18
44157,-13.77
44167,-18.36
44177,-18.36
44187,-13.77
44197,-18.36
44207,-18.36
44217,-18.36
44227,-22.95
44237,-22.95
44247,-27.55
44257,-27.55
44267,-32.14
44277,-32.14
44287,-32.14
44297,-32.14
44307,-36.73
44317,-36.73
44327,-36.73
44337,-36.73
44347,-45.91
44357,-41.32
44367,-41.32
44377,-45.91
44387,-45.91
44397,-50.50
44407,-50.50
44417,-50.50
44428,-59.68
44438,-55.09
44448,-55.09
44458,-55.09
44468,-59.68
44478,-55.09
44488,-59.68
44498,-59.68
44508,-64.27
44518,-68.86
44528,-68.86
44538,-68.86
44548,-68.86
44558,-68.86
44568,-68.86
44578,-78.05
44588,-73.45
44598,-73.45
44608,-78.05
44618,-73.45
44628,-78.05
44638,-82.64
44648,-82.64
44659,-87.23
44669,-87.23
44679,-87.23
44689,-82.64
44699,-91.82
44709,-91.82
44719,-87.23
44729,-91.82
44739,-91.82
44749,-96.41
44759,-96.41
44769,-91.82
44779,-96.41
44789,-101.00
44799,-101.00
44809,-101.00
44819,-101.00
44829,-105.59
44839,-105.59
44849,-101.00
44859,-105.59
44869,-105.59
44879,-110.18
44889,-110.18
44899,-110.18
44909,-110.18
44919,-110.18
44929,-110.18
44939,-110.18
44949,-114.77
44959,-114.77
44969,-114.77
44980,-114.77
44990,-119.36
45000,-119.36
45010,-119.36
45020,-123.95
45030,-119.36
45040,-119.36
45050,-119.36
45060,-119.36
45070,-119.36
45080,-123.95
45090,-123.95
45100,-123.95
45110,-123.95
45120,-128.55
45130,-128.55
45140,-128.55
45150,-128.55
45160,-128.55
45170,-133.14
45180,-128.55
45190,-133.14
45200,-128.55
45210,-133.14
45220,-133.14
45230,-137.73
45241,-137.73
45251,-137.73
45261,-133.14
45271,-137.73
45281,-137.73
45291,-137.73
45301,-137.73
45311,-142.32
45321,-142.32
45331,-137.73
45341,-137.73
45351,-142.32
45361,-146.91
45371,-142.32
45382,-142.32
45392,-142.32
45402,-142.32
45411,-142.32
45422,-146.91
45433,-142.32
45442,-142.32
45452,-146.91
45462,-142.32
45472,-142.32
45482,-146.91
45492,-142.32
45502,-146.91
45512,-142.32
45523,-146.91
45533,-142.32
45543,-142.32
45553,-142.32
45562,-146.91
45573,-142.32
45583,-142.32
45593,-142.32
45603,-146.91
45612,-146.91
45623,-142.32
45633,-142.32
45644,-142.32
45654,-142.32
45663,-146.91
45674,-142.32
45684,-142.32
45694,-142.32
45704,-142.32
45713,-142.32
45724,-142.32
45734,-142.32
45744,-142.32
45755,-142.32
45763,-146.91
45775,-142.32
45785,-137.73
45795,-137.73
45804,-142.32
45813,-142.32
45825,-142.32
45835,-137.73
45845,-137.73
45855,-137.73
45863,-137.73
45875,-137.73
45885,-137.73
45895,-137.73
45905,-137.73
45913,-133.14
45926,-137.73
45936,-137.73
45946,-133.14
45956,-133.14
45964,-133.14
45976,-137.73
45986,-133.14
45996,-128.55
46006,-128.55
46014,-128.55
46026,-128.55
46036,-128.55
46046,-128.55
46056,-128.55
46064,-128.55
46076,-128.55
46086,-123.95
46097,-123.95
46107,-123.95
46114,-123.95
46127,-119.36
46137,-119.36
46147,-119.36
46157,-119.36
46165,-119.36
46177,-114.77
46187,-119.36
46197,-114.77
46207,-114.77
46215,-114.77
46227,-110.18
46237,-110.18
46247,-114.77
46257,-114.77
46265,-110.18
46277,-110.18
46287,-105.59
46298,-105.59
46308,-105.59
46315,-101.00
46328,-101.00
46338,-105.59
46348,-101.00
46358,-101.00
46366,-101.00
46378,-96.41
46388,-96.41
46398,-101.00
46408,-96.41
46416,-96.41
46428,-91.82
46438,-91.82
46448,-91.82
46458,-87.23
46466,-82.64
46478,-87.23
46488,-87.23
46498,-82.64
46508,-78.05
46516,-82.64
46528,-82.64
46538,-73.45
46548,-78.05
46559,-78.05
46567,-73.45
46579,-73.45
46589,-68.86
46599,-68.86
46609,-73.45
46617,-64.27
46629,-64.27
46639,-64.27
46649,-64.27
46659,-64.27
46667,-64.27
46679,-59.68
46689,-59.68
46699,-59.68
46709,-59.68
46717,-55.09
46729,-55.09
46739,-50.50
46749,-55.09
46759,-45.91
46768,-45.91
46779,-50.50
46790,-45.91
46800,-41.32
46810,-41.32
46818,-41.32
46830,-41.32
46840,-36.73
46850,-36.73
46860,-36.73
46869,-36.73
46880,-32.14
46890,-27.55
46900,-27.55
46910,-27.55
46918,-22.95
46930,-22.95
46940,-22.95
46950,-22.95
46960,-22.95
46970,-18.36
46980,-13.77
46990,-18.36
47000,-13.77
47010,-13.77
47019,-13.77
47030,-9.18
47040,-9.18
47050,-4.59
47060,-4.59
47070,-4.59
47080,0.00
47090,0.00
47100,0.00
47111,0.00
47120,0.00
47130,0.00
47140,4.59
47150,0.00
47161,0.00
47170,0.00
47181,0.00
47191,0.00
47201,0.00
47211,0.00
47220,4.59
47231,9.18
47241,4.59
47251,4.59
47261,4.59
47271,9.18
47281,13.77
47291,9.18
47301,13.77
47311,18.36
47320,13.77
47331,13.77
47341,18.36
47351,18.36
47361,22.95
47371,22.95
47381,22.95
47391,32.14
47401,27.55
47411,32.14
47420,32.14
47431,36.73
47441,32.14
47451,32.14
47461,41.32
47471,41.32
47481,41.32
47491,45.91
47501,41.32
47512,45.91
47521,45.91
47532,45.91
47541,45.91
47551,45.91
47562,50.50
47572,55.09
47582,55.09
47592,59.68
47602,59.68
47612,59.68
47622,59.68
47632,64.27
47642,59.68
47652,64.27
47662,64.27
47672,73.45
47682,68.86
47692,68.86
47702,73.45
47712,68.86
47722,73.45
47732,73.45
47742,73.45
47752,78.05
47762,78.05
47772,78.05
47782,82.64
47792,82.64
47802,87.23
47813,82.64
47822,87.23
47832,87.23
47842,91.82
47852,91.82
47863,91.82
47872,91.82
47882,96.41
47893,96.41
47903,91.82
47913,91.82
47923,96.41
47933,96.41
47943,101.00
47953,101.00
47963,101.00
47973,101.00
47983,105.59
47993,105.59
48003,105.59
48013,110.18
48023,110.18
48033,110.18
48043,110.18
48053,114.77
48063,114.77
48073,110.18
48083,114.77
48093,114.77
48103,114.77
48113,114.77
48123,114.77
48133,119.36
48143,119.36
48153,119.36
48164,123.95
48173,123.95
48183,119.36
48193,123.95
48203,119.36
48214,123.95
48223,123.95
48234,128.55
48244,133.14
48254,128.55
48264,128.55
48274,133.14
48284,133.14
48294,128.55
48304,133.14
48314,128.55
48324,133.14
48334,133.14
48344,137.73
48354,133.14
48364,133.14
48374,133.14
48384,133.14
48394,137.73
48404,137.73
48414,137.73
48424,142.32
48434,142.32
48444,142.32
48454,142.32
48464,142.32
48474,142.32
48484,142.32
48494,137.73
48504,142.32
48515,137.73
48524,146.91
48534,137.73
48544,142.32
48554,142.32
48565,142.32
48575,142.32
48585,142.32
48595,142.32
48605,142.32
48615,146.91
48625,146.91
48635,142.32
48645,146.91
48655,142.32
48665,146.91
48675,146.91
48685,146.91
48695,142.32
48705,146.91
48715,142.32
48725,146.91
48735,146.91
48745,146.91
48755,146.91
48765,146.91
48775,142.32
48785,142.32
48795,146.91
48805,146.91
48815,146.91
48825,142.32
48835,142.32
48846,146.91
48856,146.91
48866,146.91
48876,146.91
48886,142.32
48896,142.32
48906,146.91
48916,142.32
48926,142.32
48936,142.32
48946,142.32
48956,142.32
48966,146.91
48976,142.32
48986,137.73
48996,137.73
49006,142.32
49016,142.32
49026,137.73
49036,133.14
49046,133.14
49056,137.73
49066,137.73
49076,142.32
49086,137.73
49097,133.14
49107,133.14
49117,133.14
49127,128.55
49137,137.73
49147,133.14
49157,133.14
49167,133.14
49177,128.55
49187,128.55
49197,128.55
49207,128.55
49217,123.95
49227,123.95
49237,123.95
49247,123.95
49257,123.95
49267,123.95
49277,119.36
49287,119.36
49297,119.36
49307,123.95
49317,123.95
49327,114.77
49337,119.36
49347,114.77
49357,114.77
49367,114.77
49377,110.18
49388,110.18
49398,110.18
49408,110.18
49418,110.18
49428,110.18
49438,110.18
49448,105.59
49458,105.59
49468,101.00
49478,101.00
49488,101.00
49498,101.00
49508,101.00
49518,101.00
49528,96.41
49538,96.41
49548,91.82
49558,96.41
49568,91.82
49578,91.82
49588,91.82
49598,87.23
49608,91.82
49618,87.23
49628,82.64
49638,82.64
49648,82.64
49658,82.64
49668,78.05
49678,78.05
49688,82.64
49699,73.45
49709,78.05
49719,73.45
49729,73.45
49739,73.45
49749,73.45
49759,68.86
49769,68.86
49779,68.86
49789,64.27
49799,64.27
49809,59.68
49819,59.68
49829,59.68
49839,59.68
49849,59.68
49859,55.09
49869,55.09
49879,55.09
49889,50.50
49899,50.50
49909,45.91
49919,45.91
49929,50.50
49939,41.32
49949,45.91
49959,41.32
49969,36.73
49979,36.73
49990,36.73
50000,32.14
50010,36.73
50020,32.14
50030,32.14
50040,32.14
50050,27.55
50060,27.55
50070,22.95
50080,22.95
50090,22.95
50100,22.95
50111,22.95
50120,13.77
50131,13.77
50141,9.18
50151,13.77
50161,13.77
50170,9.18
50181,9.18
50191,4.59
50201,0.00
50211,0.00
50221,0.00
50231,4.59
50242,0.00
50252,0.00
50262,0.00
50271,0.00
50282,0.00
50293,0.00
50302,0.00
50313,0.00
50321,0.00
50333,-4.59
50343,0.00
50353,-4.59
50363,0.00
50371,-4.59
50383,-4.59
50393,-9.18
50403,-9.18
50413,-9.18
50422,-9.18
50433,-9.18
50443,-13.77
50453,-18.36
50463,-18.36
50472,-18.36
50483,-22.95
50493,-18.36
50503,-22.95
50513,-22.95
50522,-22.95
50534,-27.55
50544,-27.55
50554,-27.55
50564,-32.14
50572,-32.14
50584,-32.14
50594,-32.14
50604,-36.73
50614,-36.73
50622,-41.32
50635,-41.32
50645,-41.32
50655,-45.91
50665,-45.91
50673,-50.50
50685,-45.91
50695,-50.50
50705,-50.50
50715,-50.50
50723,-55.09
50735,-55.09
50745,-55.09
50755,-59.68
50765,-55.09
50773,-64.27
50785,-64.27
50795,-68.86
50805,-64.27
50815,-64.27
50823,-68.86
50835,-68.86
50845,-73.45
50855,-73.45
50866,-73.45
50873,-73.45
50886,-73.45
50896,-78.05
50906,-78.05
50916,-78.05
50924,-82.64
50936,-82.64
50946,-82.64
50956,-82.64
50966,-91.82
50974,-82.64
50986,-87.23
50996,-91.82
51006,-91.82
51016,-91.82
51024,-91.82
51036,-96.41
51046,-101.00
51056,-96.41
51066,-96.41
51074,-96.41
51087,-96.41
51097,-101.00
51107,-105.59
51117,-101.00
51125,-105.59
51137,-105.59
51147,-105.59
51157,-105.59
51167,-110.18
51175,-110.18
51187,-110.18
51197,-110.18
51207,-114.77
51217,-114.77
51225,-114.77
51237,-114.77
51247,-114.77
51257,-114.77
51267,-114.77
51275,-119.36
51287,-114.77
51297,-119.36
51307,-119.36
51317,-119.36
51325,-119.36
51337,-123.95
51347,-119.36
51357,-123.95
51367,-128.55
51376,-128.55
51388,-128.55
51398,-128.55
51408,-128.55
51418,-128.55
51426,-128.55
51438,-128.55
51448,-128.55
51458,-133.14
51468,-133.14
51476,-133.14
51488,-133.14
51498,-137.73
51508,-137.73
51518,-137.73
51526,-137.73
51538,-133.14
51548,-137.73
51558,-137.73
51568,-137.73
51577,-137.73
51588,-137.73
51598,-137.73
51608,-137.73
51618,-137.73
51626,-142.32
51639,-142.32
51649,-142.32
51659,-142.32
51669,-142.32
51678,-142.32
51689,-142.32
51699,-142.32
51709,-142.32
51719,-137.73
51727,-142.32
51739,-146.91
51749,-146.91
51759,-146.91
51769,-142.32
51778,-142.32
51789,-142.32
51799,-142.32
51809,-142.32
51819,-142.32
51828,-142.32
51839,-142.32
51849,-142.32
51859,-137.73
51870,-142.32
51879,-142.32
51889,-146.91
51899,-142.32
51909,-142.32
51920,-142.32
51927,-142.32
51939,-146.91
51949,-142.32
51960,-142.32
51970,-142.32
51979,-142.32
51990,-146.91
52000,-142.32
52010,-137.73
52020,-142.32
52029,-146.91
52040,-146.91
52050,-142.32
52060,-137.73
52070,-142.32
52080,-142.32
52090,-146.91
52100,-137.73
52110,-137.73
52120,-137.73
52130,-137.73
52140,-137.73
52150,-137.73
52160,-142.32
52170,-137.73
52180,-133.14
52190,-133.14
52200,-137.73
52210,-137.73
52220,-133.14
52230,-133.14
52240,-133.14
52250,-128.55
52260,-128.55
52270,-128.55
52280,-128.55
52290,-128.55
52300,-128.55
52310,-133.14
52321,-128.55
52330,-123.95
52341,-123.95
52351,-123.95
52361,-123.95
52371,-123.95
52381,-123.95
52391,-119.36
52401,-119.36
52411,-119.36
52421,-114.77
52430,-114.77
52441,-114.77
52451,-119.36
52461,-114.77
52471,-119.36
52481,-114.77
52491,-114.77
52501,-110.18
52511,-110.18
52521,-110.18
52531,-110.18
52541,-114.77
52551,-114.77
52561,-110.18
52571,-110.18
52581,-105.59
52591,-105.59
52601,-101.00
52611,-105.59
52621,-101.00
52631,-101.00
52641,-101.00
52651,-96.41
52661,-101.00
52672,-96.41
52681,-96.41
52692,-96.41
52702,-96.41
52712,-91.82
52722,-91.82
52732,-91.82
52742,-91.82
52752,-87.23
52762,-87.23
52772,-87.23
52782,-82.64
52792,-82.64
52802,-82.64
52812,-78.05
52822,-78.05
52832,-78.05
52842,-73.45
52852,-73.45
52862,-73.45
52872,-73.45
52882,-68.86
52892,-68.86
52902,-64.27
52912,-68.86
52922,-64.27
52932,-68.86
52942,-64.27
52952,-59.68
52962,-64.27
52972,-59.68
52982,-55.09
52992,-55.09
53002,-55.09
53012,-55.09
53023,-55.09
53032,-55.09
53042,-45.91
53052,-50.50
53063,-45.91
53073,-45.91
53083,-45.91
53093,-41.32
53103,-41.32
53113,-36.73
53123,-32.14
53133,-36.73
53143,-36.73
53153,-32.14
53163,-32.14
53173,-27.55
53183,-27.55
53193,-22.95
53203,-22.95
53213,-22.95
53223,-27.55
53233,-22.95
53243,-18.36
53253,-18.36
53263,-18.36
53273,-18.36
53283,-13.77
53293,-9.18
53303,-13.77
